chain_key,pdb_resi
6UANC,452
6UANC,453
6UANC,455
6UANC,456
6UANC,457
6UANC,460
6UANC,461
6UANC,462
6UANC,466
6UANC,470
6UANC,471
6UANC,472
6UANC,473
6UANC,474
6UANC,475
6UANC,478
6UANC,479
6UANC,480
6UANC,481
6UANC,482
6UANC,484
6UANC,491
6UANC,493
6UANC,496
6UANC,498
6UANC,499
6UANC,500
6UANC,503
6UANC,504
6UANC,508
6UANC,509
6UANC,510
6UANC,511
6UANC,512
6UANC,513
6UANC,514
6UANC,515
6UANC,516
6UANC,519
6UANC,525
6UANC,526
6UANC,527
6UANC,528
6UANC,529
6UANC,530
6UANC,531
6UANC,532
6UANC,535
6UANC,536
6UANC,537
6UANC,539
6UANC,548
6UANC,549
6UANC,551
6UANC,552
6UANC,553
6UANC,554
6UANC,557
6UANC,558
6UANC,559
6UANC,560
6UANC,561
6UANC,562
6UANC,564
6UANC,565
6UANC,569
6UANC,573
6UANC,574
6UANC,575
6UANC,577
6UANC,578
6UANC,579
6UANC,580
6UANC,581
6UANC,582
6UANC,583
6UANC,590
6UANC,591
6UANC,592
6UANC,625
6UANC,632
6UANC,633
6UANC,634
6UANC,636
6UANC,637
6UANC,638
6UANC,639
6UANC,640
6UANC,641
6UANC,642
6UANC,643
6UANC,644
6UANC,646
6UANC,648
6UANC,649
6UANC,661
6UANC,662
6UANC,663
6UANC,665
6UANC,667
6UANC,683
6UANC,684
6UANC,685
6UANC,686
6UANC,687
6UANC,689
6UANC,691
6UANC,692
6UANC,693
6UANC,694
6UANC,695
6UANC,696
6UANC,698
6UANC,699
6UANC,700
6UANC,701
6UANC,702
6UANC,703
6UANC,704
6UANC,705
6UANC,707
6UANC,708
6UANC,709
6UANC,710
6UANC,715
6UANC,716
6UANC,717
6UANC,718
